Carlos Bilardo.	{"model": "ollama/llama3", "backend": "ollama", "retrieved_doc_ids": ["48", "6", "20"], "retrieval_scores": [0.6469114611272981, 0.4588248392418273, 0.45240435911706384]}
1904	{"model": "ollama/llama3", "backend": "ollama", "retrieved_doc_ids": ["19", "20", "50"], "retrieval_scores": [0.76531914780491, 0.5154443427548276, 0.44032136074592376]}
Geoff Hurst	{"model": "ollama/llama3", "backend": "ollama", "retrieved_doc_ids": ["15", "48", "30"], "retrieval_scores": [0.6851395169786333, 0.4509532390925406, 0.4399099753318192]}
You'll Never Walk Alone	{"model": "ollama/llama3", "backend": "ollama", "retrieved_doc_ids": ["26", "40", "12"], "retrieval_scores": [0.6930123277866289, 0.30215643866204167, 0.2685000367549233]}
Uruguay	{"model": "ollama/llama3", "backend": "ollama", "retrieved_doc_ids": ["20", "49", "21"], "retrieval_scores": [0.6746531239696365, 0.5442862633304597, 0.5330602658763869]}
Harry Kane.	{"model": "ollama/llama3", "backend": "ollama", "retrieved_doc_ids": ["3", "1", "31"], "retrieval_scores": [0.6715641228032, 0.6129150577677596, 0.5121422700303476]}
Inter Miami CF.	{"model": "ollama/llama3", "backend": "ollama", "retrieved_doc_ids": ["34", "33", "32"], "retrieval_scores": [0.6519385305907962, 0.6273359266313719, 0.4747509054970357]}
George Weah	{"model": "ollama/llama3", "backend": "ollama", "retrieved_doc_ids": ["22", "8", "5"], "retrieval_scores": [0.707323583989689, 0.5358994904561859, 0.4781928020735887]}
Emirates Stadium	{"model": "ollama/llama3", "backend": "ollama", "retrieved_doc_ids": ["36", "27", "42"], "retrieval_scores": [0.7519052939861869, 0.513732718191029, 0.39636033733768744]}
Shane Long	{"model": "ollama/llama3", "backend": "ollama", "retrieved_doc_ids": ["18", "40", "11"], "retrieval_scores": [0.7937205489847858, 0.43495109341645233, 0.41363539814033634]}
Pep Guardiola	{"model": "ollama/llama3", "backend": "ollama", "retrieved_doc_ids": ["38", "28", "16"], "retrieval_scores": [0.6765175375793645, 0.5938073510318476, 0.5079388104279081]}
Milan.	{"model": "ollama/llama3", "backend": "ollama", "retrieved_doc_ids": ["42", "23", "34"], "retrieval_scores": [0.7358722213516554, 0.32501737824786614, 0.3237665871573456]}
LA Galaxy	{"model": "ollama/llama3", "backend": "ollama", "retrieved_doc_ids": ["9", "13", "33"], "retrieval_scores": [0.6893924546112563, 0.4313403524633716, 0.41235832891422985]}
Sevilla	{"model": "ollama/llama3", "backend": "ollama", "retrieved_doc_ids": ["43", "12", "23"], "retrieval_scores": [0.6762623199815828, 0.5485696473895574, 0.4905732795316638]}
Giorgio Chiellini	{"model": "ollama/llama3", "backend": "ollama", "retrieved_doc_ids": ["24", "45", "23"], "retrieval_scores": [0.7611295799199047, 0.5552822144587635, 0.5086622117271286]}
Diego Maradona.	{"model": "ollama/llama3", "backend": "ollama", "retrieved_doc_ids": ["14", "29", "3"], "retrieval_scores": [0.6218270455303905, 0.35245699992016066, 0.3443194774263277]}
Number 10.	{"model": "ollama/llama3", "backend": "ollama", "retrieved_doc_ids": ["29", "14", "48"], "retrieval_scores": [0.7446462994391845, 0.6071371028111899, 0.44547405633465026]}
Gonzalo Montiel	{"model": "ollama/llama3", "backend": "ollama", "retrieved_doc_ids": ["6", "30", "48"], "retrieval_scores": [0.6858214392063294, 0.5417805533471347, 0.5103257938301955]}
South Korea and Japan.	{"model": "ollama/llama3", "backend": "ollama", "retrieved_doc_ids": ["0", "49", "44"], "retrieval_scores": [0.6656368822770403, 0.608902881225455, 0.5458466428608137]}
Super Eagles	{"model": "ollama/llama3", "backend": "ollama", "retrieved_doc_ids": ["35", "4", "5"], "retrieval_scores": [0.6727033562920597, 0.36289610447086135, 0.34777476356401793]}
Sporting CP\tManchester United\tReal Madrid	{"model": "ollama/llama3", "backend": "ollama", "retrieved_doc_ids": ["13", "33", "23"], "retrieval_scores": [0.7089730229040034, 0.482299286112638, 0.42608313775544404]}
Egypt\tGhana\tSudan\tEthiopia\tTunisia\tSouth Africa\tCameroon\tGabon\tEquatorial Guinea\tCôte d'Ivoire	{"model": "ollama/llama3", "backend": "ollama", "retrieved_doc_ids": ["4", "49", "44"], "retrieval_scores": [0.7911522835666823, 0.5922065299390267, 0.5694091075058626]}
Japan\tUnited States\tSpain	{"model": "ollama/llama3", "backend": "ollama", "retrieved_doc_ids": ["47", "49", "50"], "retrieval_scores": [0.7692352965219191, 0.48454342901202513, 0.4832612153847304]}
Arsenal\tChelsea\tTottenham Hotspur\tWest Ham United\tCrystal Palace	{"model": "ollama/llama3", "backend": "ollama", "retrieved_doc_ids": ["27", "40", "12"], "retrieval_scores": [0.7497552048573017, 0.5630828547230229, 0.38669567708326785]}
Cristiano Ronaldo \t Lionel Messi \t Robert Lewandowski \t Karim Benzema \t Raúl González	{"model": "ollama/llama3", "backend": "ollama", "retrieved_doc_ids": ["11", "12", "32"], "retrieval_scores": [0.6898265455850744, 0.5091075334543211, 0.49416400265881466]}
FC Barcelona\tParis Saint-Germain\tInter Miami CF	{"model": "ollama/llama3", "backend": "ollama", "retrieved_doc_ids": ["33", "34", "32"], "retrieval_scores": [0.7776454422656506, 0.6517252163777366, 0.5205603331052128]}
Germany\tSpain	{"model": "ollama/llama3", "backend": "ollama", "retrieved_doc_ids": ["17", "49", "12"], "retrieval_scores": [0.7681324730805592, 0.5170227280740392, 0.5157577629523135]}
Barcelona \t Real Madrid \t Liverpool \t Bayern Munich \t Chelsea \t Manchester City	{"model": "ollama/llama3", "backend": "ollama", "retrieved_doc_ids": ["12", "10", "17"], "retrieval_scores": [0.632527425415799, 0.4663058118353503, 0.4573356557832845]}
Premier League titles\tFA Cup\tEFL Cup (League Cup)\tUEFA Champions League\tFA Community Shield\tUEFA Super Cup\tFIFA Club World Cup	{"model": "ollama/llama3", "backend": "ollama", "retrieved_doc_ids": ["28", "38", "12"], "retrieval_scores": [0.8404929281919743, 0.7564957824943055, 0.5124796683019511]}
Lusail Iconic Stadium\tAl Bayt Stadium\tStadium 974\tAhmad Bin Ali Stadium\tKhalifa International Stadium\tEducation City Stadium\tAl Thumama Stadium\tAl Janoub Stadium	{"model": "ollama/llama3", "backend": "ollama", "retrieved_doc_ids": ["2", "49", "0"], "retrieval_scores": [0.6767825171462623, 0.5532125736401644, 0.5151368522015431]}
Manchester City\tArsenal\tManchester United\tNewcastle United\tLiverpool\tBrighton & Hove Albion\tAston Villa\tTottenham Hotspur\tBrentford\tFulham\tCrystal Palace\tChelsea\tWolverhampton Wanderers\tWest Ham United\tBournemouth\tNottingham Forest\tEverton\tLeicester City\tLeeds United\tSouthampton	{"model": "ollama/llama3", "backend": "ollama", "retrieved_doc_ids": ["40", "27", "28"], "retrieval_scores": [0.7182130535556807, 0.518152840609566, 0.42046480780606943]}
Lionel Messi\t	{"model": "ollama/llama3", "backend": "ollama", "retrieved_doc_ids": ["8", "17", "31"], "retrieval_scores": [0.7616632319882111, 0.5009845107283789, 0.4683143531049683]}
Kylian Mbappé\tLionel Messi\tJulián Álvarez\tOlivier Giroud\tGonçalo Ramos	{"model": "ollama/llama3", "backend": "ollama", "retrieved_doc_ids": ["3", "1", "31"], "retrieval_scores": [0.6940789193539347, 0.536988484210667, 0.49757739957303704]}
AC Milan\tInter Milan\tJuventus	{"model": "ollama/llama3", "backend": "ollama", "retrieved_doc_ids": ["23", "12", "11"], "retrieval_scores": [0.7352440390105544, 0.5952296218052128, 0.5033120189139202]}
Iker Casillas\tSergio Ramos\tMarcelo\tKarim Benzema\tNacho Fernández	{"model": "ollama/llama3", "backend": "ollama", "retrieved_doc_ids": ["41", "12", "45"], "retrieval_scores": [0.8014465718460889, 0.4906027906589711, 0.4358878084746144]}
Cameroon\tSenegal\tGhana	{"model": "ollama/llama3", "backend": "ollama", "retrieved_doc_ids": ["5", "4", "50"], "retrieval_scores": [0.7724673233709143, 0.5603866546394244, 0.5557663631795668]}
Mexico\tItaly\tFrance\tGermany\tBrazil	{"model": "ollama/llama3", "backend": "ollama", "retrieved_doc_ids": ["49", "0", "4"], "retrieval_scores": [0.7991488610204464, 0.5123657627750153, 0.510115495046324]}
Arsenal\tBayer Leverkusen\tAjax\tAPOEL\tPSV Eindhoven\tManchester City\tBATE Borisov	{"model": "ollama/llama3", "backend": "ollama", "retrieved_doc_ids": ["32", "11", "33"], "retrieval_scores": [0.7778017635542123, 0.5810879886195993, 0.5451711309475696]}
\t2002\t2003\t2005\t2014\t2015\t2017	{"model": "ollama/llama3", "backend": "ollama", "retrieved_doc_ids": ["7", "28", "40"], "retrieval_scores": [0.7594529099681362, 0.3662067323608841, 0.3653263331592584]}
Golden Ball \t Silver Boot	{"model": "ollama/llama3", "backend": "ollama", "retrieved_doc_ids": ["31", "6", "3"], "retrieval_scores": [0.81851316076428, 0.5953059557741656, 0.5927925032503089]}
1. Here are the steps to qualify for the UEFA Champions League group stage:
2. Direct Qualification: Top teams from Europe's strongest leagues receive automatic group stage places.
3. Domestic Champions Path: Champions from smaller European leagues must go through qualifying rounds (first qualifying round, second qualifying round, third qualifying round) before reaching the playoff round.
4. League Path: Teams that finish in qualifying positions but aren't champions (typically 3rd or 4th place) enter through the league path, starting from the third qualifying round.
5. Playoff Round: The final step before the group stage, where teams play two-legged ties to determine the last spots in the 32-team (now 36-team) group stage.
6. UEFA Europa League Winners: The winner of the previous season's Europa League automatically qualifies for the Champions League group stage.
7. UEFA Champions League Title Holders: The defending champions automatically qualify for the group stage.
8. Note that this process typically runs from June to August, with the group stage starting in September.	{"model": "ollama/llama3", "backend": "ollama", "retrieved_doc_ids": ["10", "50", "25"], "retrieval_scores": [0.7225794516565139, 0.49483660270828167, 0.40211402275894037]}
1. A player must follow these steps to take a penalty kick according to FIFA Laws of the Game:
2. The ball must be placed on the penalty mark (12 yards from goal)
3. The player taking the penalty must be clearly identified
4. The kicker must kick the ball forward
5. The kicker cannot touch the ball again until another player has touched it
6. Note: These steps are based on the "Procedure" section of Document 1, FIFA Laws - Taking a Penalty Kick.	{"model": "ollama/llama3", "backend": "ollama", "retrieved_doc_ids": ["37", "39", "25"], "retrieval_scores": [0.7875373878191517, 0.5626618552986196, 0.4921370349771461]}
1. Two 15-minute periods are played, making up a total of 30 minutes.
2. There is a short break (typically 5 minutes) before the extra time.
3. Teams change ends between the two extra time periods.
4. If the score remains level after extra time, the match goes to a penalty shootout.
5. Penalty Shootout Procedure:
6. Each team takes five penalties alternately.
7. If the scores are level after five penalties each, the shootout continues on a sudden-death basis.
8. The same players who were on the field at the end of extra time are eligible to take penalties.
9. Each team's penalties must be taken by different players until all eligible players have taken one.
10. The team that scores more goals during the penalty shootout wins the match.	{"model": "ollama/llama3", "backend": "ollama", "retrieved_doc_ids": ["25", "39", "37"], "retrieval_scores": [0.7624457125270788, 0.4231295496738104, 0.3976769964072834]}
1. Teams qualify through continental qualifying tournaments organized by FIFA's six confederations (UEFA, CONMEBOL, CAF, AFC, CONCACAF, and OFC).
2. The process varies depending on the confederation, but generally involves group stages, playoffs, and intercontinental matches.
3. For UEFA teams, qualification involves European qualifying tournaments, with top teams qualifying directly and others entering playoffs.
4. Let me know if you have any further questions!	{"model": "ollama/llama3", "backend": "ollama", "retrieved_doc_ids": ["50", "10", "5"], "retrieval_scores": [0.7743757761766497, 0.57287419847593, 0.5055700960732932]}
1. Here's the sequence of events during a VAR (Video Assistant Referee) review:
2. The VAR team watches all game action from a video operation room.
3. Multiple camera angles are available for review.
4. VAR checks incidents and communicates with the referee via headset.
5. For clear and obvious errors, the VAR recommends an on-field review.
6. The referee can view the incident on a pitchside monitor.
7. After review, the referee makes the final decision.
8. The referee signals the VAR review by making a TV screen gesture.
9. Note: The review must be completed quickly to minimize game delays.	{"model": "ollama/llama3", "backend": "ollama", "retrieved_doc_ids": ["46", "37", "39"], "retrieval_scores": [0.7546293414961482, 0.48839564853292294, 0.43602369209857506]}
1. Explain the procedure followed to replace an injured player during a match.
2. If a player is injured and cannot continue, the substitution may be expedited.
3. The substitute prepares on the sideline, wearing a numbered bib, and notifies the fourth official of their intention to substitute.
4. Play must be stopped and the referee gives permission for the substitution to take place.
5. The player being substituted leaves at the nearest boundary line.
6. The substitute enters from the halfway line after the replaced player has left.
7. The substitution is completed when the substitute enters the field, and the referee is informed which player was replaced and by whom.
8. Note: As per Document 1, if a player is injured and cannot continue, the substitution may be expedited to ensure their safety and to minimize delay in the match.	{"model": "ollama/llama3", "backend": "ollama", "retrieved_doc_ids": ["39", "37", "25"], "retrieval_scores": [0.648043293388802, 0.4319960729100569, 0.4242007873386049]}
1. I apologize, but the question does not ask about taking a corner kick. The context provided only discusses penalty kicks, player substitutions, and deciding winners in knockout matches. Therefore, I cannot provide an answer that details the steps involved in taking a corner kick.	{"model": "ollama/llama3", "backend": "ollama", "retrieved_doc_ids": ["37", "39", "25"], "retrieval_scores": [0.5836252039412066, 0.44297010432210915, 0.41854838576323733]}
1. Based on the provided context, I will answer your question:
2. How a team is promoted from the EFL Championship to the Premier League:
3. The top three teams in the EFL Championship at the end of the season earn automatic promotion to the Premier League.
4. The fourth-placed team enters a playoff competition with the teams that finished 3rd to 6th, with the winner earning the final spot in the Premier League.
5. Note: There is no information provided about relegation from the Premier League to the EFL Championship.	{"model": "ollama/llama3", "backend": "ollama", "retrieved_doc_ids": ["40", "10", "27"], "retrieval_scores": [0.4919683044151372, 0.47009521974888774, 0.4213372767476258]}
1. Based on Document 1, "Player Substitution Procedure in Football", the correct answer is:
2. Teams are allowed up to 5 substitutions in most modern competitions (3 in some)
3. The fourth official is notified of the intended substitution
4. The substitute prepares on the sideline, wearing a numbered bib	{"model": "ollama/llama3", "backend": "ollama", "retrieved_doc_ids": ["39", "37", "46"], "retrieval_scores": [0.5785292930868505, 0.49095370328524496, 0.46023904969542045]}
1. The group stage of the UEFA Champions League is determined through a round-robin format, where each team plays every other team in their group once.
2. Teams earn points based on their performance in each match, with three points awarded for a win, one point for a draw, and zero points for a loss or draw.
3. The teams are then ranked within their respective groups according to the total number of points earned, with the top two teams from each group advancing to the knockout stage (round of 16).	{"model": "ollama/llama3", "backend": "ollama", "retrieved_doc_ids": ["10", "25", "12"], "retrieval_scores": [0.6142120741814164, 0.48412171723495456, 0.4287061793812861]}
1. Describe the procedure for conducting a penalty shootout:
2. Each team takes five penalties alternately.
3. If the scores are level after five penalties each, the shootout continues on a sudden-death basis.
4. The same players who were on the field at the end of extra time are eligible to take penalties.
5. Each team's penalties must be taken by different players until all eligible players have taken one.
6. The team that scores more goals during the penalty shootout wins the match.	{"model": "ollama/llama3", "backend": "ollama", "retrieved_doc_ids": ["37", "25", "39"], "retrieval_scores": [0.6234995512002994, 0.5854282922670233, 0.4970541357764608]}
1. Since there is no context provided related to FIFA's world ranking system, I will provide a response based on the given documents.
2. The provided documents do not mention how FIFA ranks national teams in its world ranking system. The focus is on the qualification process for the FIFA World Cup and the history of the organization. Therefore, I will not be able to provide a specific answer using the given format (1., 2., 3.).
3. However, if you would like to know more about FIFA's world ranking system or how national teams are ranked, I can provide general information on the topic.
4. Let me know if you have any further questions or if there is anything else I can help with!	{"model": "ollama/llama3", "backend": "ollama", "retrieved_doc_ids": ["50", "19", "49"], "retrieval_scores": [0.5742530950054786, 0.49410285479183697, 0.4613958007351706]}
1. I'm happy to help!
2. Here's the answer:
3. Awarding and executing a direct free kick:
4. The referee awards the free kick due to an infringement by the opposing team.
5. The ball is placed on the spot where the infringement occurred, unless it was outside the penalty area, in which case the ball is placed at the nearest point on the goal line.
6. All opponents must be at least 9.15 meters (10 yards) away from the ball until it is in play.
7. Note: This process does not involve specific procedures for the player taking the free kick or any restrictions on the goalkeeper's movement, as these are unique to penalty kicks.	{"model": "ollama/llama3", "backend": "ollama", "retrieved_doc_ids": ["37", "25", "39"], "retrieval_scores": [0.5967672433579453, 0.490864469145836, 0.4677901435650993]}
1. Based on the provided context, here are the steps involved in signing a new player during the transfer window:
2. The team negotiates and agrees with the player's current club to purchase the player's contract or agree on a transfer fee.
3. The team triggers the release clause of the player, if applicable (e.g., €60 million in Erling Haaland's case).
4. The team signs the player to a new contract, which can be for a specific duration (e.g., five-year contract).
5. Note: These steps are based on the context provided and may not cover all possible scenarios or intricacies of the transfer process.	{"model": "ollama/llama3", "backend": "ollama", "retrieved_doc_ids": ["39", "16", "9"], "retrieval_scores": [0.45276543540417613, 0.35081860450988556, 0.32595020111025613]}
1. The Ballon d'Or is awarded by France Football magazine, considered the most prestigious individual award in football.
2. The winner is selected based on their performance throughout the year.
3. The selection process is not explicitly stated, but historically, it has been a combination of factors such as team and individual success, awards, and accolades received during the calendar year.
4. Note: The context provides information about previous winners, including Lionel Messi's record-breaking 8 Ballon d'Or awards, but does not explicitly outline the selection process.	{"model": "ollama/llama3", "backend": "ollama", "retrieved_doc_ids": ["8", "25", "31"], "retrieval_scores": [0.5469749445491467, 0.4448467664257646, 0.42056467133067776]}
1. Since there is no context about checking for an offside decision, I'll assume you're looking for a procedure that doesn't exist in the provided documents.
2. However, if you meant to ask about VAR (Video Assistant Referee) technology, which is used to review specific incidents during matches, here's what the process entails:
3. The VAR team watches all game action from a video operation room.
4. Multiple camera angles are available for review.
5. VAR checks incidents and communicates with the referee via headset.
6. Please clarify if this is not what you're looking for!	{"model": "ollama/llama3", "backend": "ollama", "retrieved_doc_ids": ["37", "46", "39"], "retrieval_scores": [0.5214751485058009, 0.49979520915998255, 0.4974068202322065]}
1. Based on the context, here's the answer:
2. The referee assesses the severity of the foul.
3. If the foul is less severe and only prevents a clear scoring opportunity, a yellow card is given.
4. If the foul is more serious, such as involving excessive force or intent to injure, a red card is issued.
5. Note: This answer is based on general football rules and not specific to VAR reviews.	{"model": "ollama/llama3", "backend": "ollama", "retrieved_doc_ids": ["37", "46", "39"], "retrieval_scores": [0.4705434156157823, 0.4453501433389056, 0.43883905552708935]}
1. I'm happy to help!
2. Here's the answer:
3. The UEFA Champions League draw is not conducted as per the provided documents. The documents provide information on qualification processes, knockout match procedures, and FIFA World Cup qualification processes. There is no mention of a draw process for the UEFA Champions League.
4. If you meant to ask about the group stage formation or any other aspect of the Champions League, please clarify! I'm here to help with that as well.	{"model": "ollama/llama3", "backend": "ollama", "retrieved_doc_ids": ["10", "25", "50"], "retrieval_scores": [0.6136584156621654, 0.47203334593488, 0.42951443644287096]}
1. The VAR team reviews the direct red card incident in a video operation room, using multiple camera angles.
2. If a clear and obvious error is identified, the VAR recommends an on-field review to the referee via headset.
3. The referee views the incident on a pitchside monitor and makes the final decision.
4. Note: There is no process for appealing a red card directly, as VAR can only recommend a review and not overturn the referee's decision.	{"model": "ollama/llama3", "backend": "ollama", "retrieved_doc_ids": ["46", "39", "37"], "retrieval_scores": [0.47627831839194673, 0.4654194291683882, 0.449996453214318]}
1. Before it was abolished, the away goals rule in UEFA competitions worked as follows:
2. In two-legged ties (home-and-away matches), teams would play each other at home and away.
3. The team scoring more away goals would have an advantage, with the aggregate score being used to determine the winner.
4. If the total score was level after both legs, the team with the higher number of away goals would win.
5. Note: This rule applied only in two-legged ties, not in knockout matches that ended in a draw after 90 minutes.	{"model": "ollama/llama3", "backend": "ollama", "retrieved_doc_ids": ["25", "37", "10"], "retrieval_scores": [0.5140877581868467, 0.38281224217369897, 0.37550562800547777]}
1. Here is the outline of the sequence of events during a player substitution in an official FIFA match:
2. The fourth official is notified of the intended substitution.
3. The substitute prepares on the sideline, wearing a numbered bib.
4. Play must be stopped and the referee must give permission for the substitution to take place.
5. The player being substituted must leave at the nearest boundary line.
6. The substitute enters from the halfway line after the replaced player has left the field.
7. The substitution is completed when the substitute enters the field.
8. The referee is informed which player is being replaced and by whom.
9. Note: These steps follow the "Before Substitution", "During Substitution", and "After Substitution" sections of Document 1, which outlines the procedure for substituting a player during an official FIFA match.	{"model": "ollama/llama3", "backend": "ollama", "retrieved_doc_ids": ["39", "37", "25"], "retrieval_scores": [0.8046848703942722, 0.5141372301089118, 0.4836286397129139]}
C	{"model": "ollama/llama3", "backend": "ollama", "retrieved_doc_ids": ["16", "40", "38"], "retrieval_scores": [0.6744646979683364, 0.42191069830237166, 0.3715491738277091]}
B	{"model": "ollama/llama3", "backend": "ollama", "retrieved_doc_ids": ["21", "49", "19"], "retrieval_scores": [0.6989588971253127, 0.5002138735033205, 0.4831552310322405]}
C	{"model": "ollama/llama3", "backend": "ollama", "retrieved_doc_ids": ["45", "41", "17"], "retrieval_scores": [0.6625166184492086, 0.5359864145733745, 0.4014607418074597]}
C	{"model": "ollama/llama3", "backend": "ollama", "retrieved_doc_ids": ["44", "49", "0"], "retrieval_scores": [0.6386217393285484, 0.5708444555357983, 0.5218837690443848]}
B	{"model": "ollama/llama3", "backend": "ollama", "retrieved_doc_ids": ["30", "6", "3"], "retrieval_scores": [0.6685631391701994, 0.4961242657666244, 0.48623471334681634]}
B	{"model": "ollama/llama3", "backend": "ollama", "retrieved_doc_ids": ["27", "40", "12"], "retrieval_scores": [0.5747917337056533, 0.5533062439360128, 0.47013940606228977]}
A	{"model": "ollama/llama3", "backend": "ollama", "retrieved_doc_ids": ["8", "31", "3"], "retrieval_scores": [0.5555407496132709, 0.5335819460819919, 0.5108575693145757]}
A	{"model": "ollama/llama3", "backend": "ollama", "retrieved_doc_ids": ["20", "6", "49"], "retrieval_scores": [0.47069089747686155, 0.4228179344985977, 0.38640294711597456]}
A	{"model": "ollama/llama3", "backend": "ollama", "retrieved_doc_ids": ["23", "42", "13"], "retrieval_scores": [0.5715410365984849, 0.423733468737188, 0.30898883639312885]}
B	{"model": "ollama/llama3", "backend": "ollama", "retrieved_doc_ids": ["42", "41", "12"], "retrieval_scores": [0.467405620830811, 0.4007613493001298, 0.3665266331958696]}
C	{"model": "ollama/llama3", "backend": "ollama", "retrieved_doc_ids": ["5", "4", "35"], "retrieval_scores": [0.6643556696791656, 0.5362109371338974, 0.4716407324021206]}
A	{"model": "ollama/llama3", "backend": "ollama", "retrieved_doc_ids": ["12", "24", "28"], "retrieval_scores": [0.41178231372781576, 0.3882267431243333, 0.38324983126646134]}
C	{"model": "ollama/llama3", "backend": "ollama", "retrieved_doc_ids": ["20", "49", "48"], "retrieval_scores": [0.4816391113417419, 0.43930378216328236, 0.3885104192633763]}
B	{"model": "ollama/llama3", "backend": "ollama", "retrieved_doc_ids": ["11", "32", "3"], "retrieval_scores": [0.7017522887525894, 0.5060504064542894, 0.480078332061945]}
C	{"model": "ollama/llama3", "backend": "ollama", "retrieved_doc_ids": ["28", "38", "12"], "retrieval_scores": [0.6307967179232198, 0.5845673760680036, 0.5109877198247155]}
B	{"model": "ollama/llama3", "backend": "ollama", "retrieved_doc_ids": ["7", "40", "27"], "retrieval_scores": [0.4439637836045154, 0.4078175702586184, 0.3654210122333402]}
B	{"model": "ollama/llama3", "backend": "ollama", "retrieved_doc_ids": ["17", "49", "24"], "retrieval_scores": [0.5061509993958767, 0.5004622352028041, 0.48429791304444547]}
C	{"model": "ollama/llama3", "backend": "ollama", "retrieved_doc_ids": ["1", "9", "18"], "retrieval_scores": [0.4557851002254403, 0.39306850457650055, 0.37212280884980753]}
A	{"model": "ollama/llama3", "backend": "ollama", "retrieved_doc_ids": ["3", "30", "21"], "retrieval_scores": [0.4960773116673155, 0.4646194324723504, 0.43808836567987225]}
B	{"model": "ollama/llama3", "backend": "ollama", "retrieved_doc_ids": ["13", "33", "34"], "retrieval_scores": [0.6251757991606945, 0.40340541186748796, 0.4004741948085249]}
11 players.	{"model": "ollama/llama3", "backend": "ollama", "retrieved_doc_ids": ["39", "25", "37"], "retrieval_scores": [0.4175509869425843, 0.3418816392536032, 0.32556852724146074]}
Geoff Hurst.	{"model": "ollama/llama3", "backend": "ollama", "retrieved_doc_ids": ["49", "3", "15"], "retrieval_scores": [0.5173223705825631, 0.5025797532864531, 0.49059519468352275]}
Red.	{"model": "ollama/llama3", "backend": "ollama", "retrieved_doc_ids": ["21", "6", "48"], "retrieval_scores": [0.4632358741407311, 0.4103960066120397, 0.3785495220468559]}
Arsenal.	{"model": "ollama/llama3", "backend": "ollama", "retrieved_doc_ids": ["36", "27", "7"], "retrieval_scores": [0.519330896875597, 0.47244909815436414, 0.4322478604489763]}
Erling Haaland	{"model": "ollama/llama3", "backend": "ollama", "retrieved_doc_ids": ["18", "40", "11"], "retrieval_scores": [0.5608144973290506, 0.5435722618821535, 0.5357604931629525]}
USA\tCanada\tMexico	{"model": "ollama/llama3", "backend": "ollama", "retrieved_doc_ids": ["49", "0", "4"], "retrieval_scores": [0.6628314315028825, 0.5655774637879243, 0.5208163593080549]}
Uruguay\tBrazil	{"model": "ollama/llama3", "backend": "ollama", "retrieved_doc_ids": ["49", "20", "44"], "retrieval_scores": [0.5738297109688721, 0.5347421879974309, 0.5037273332973276]}
A great question! After carefully reading the context I can provide the answer: A: Harry Kane \t Kylian Mbappé	{"model": "ollama/llama3", "backend": "ollama", "retrieved_doc_ids": ["1", "3", "31"], "retrieval_scores": [0.626722104540826, 0.6180602514408395, 0.5672205849335541]}
A great question! Based on the provided context here are the Premier League winners prior to 2010: A: Manchester United \ Arsenal \ Chelsea	{"model": "ollama/llama3", "backend": "ollama", "retrieved_doc_ids": ["40", "27", "12"], "retrieval_scores": [0.5734335533785649, 0.5112422207193237, 0.47761114458602]}
A question about football but not specifically about Premier League clubs! The "Old Firm" refers to the two most successful and bitter rivals in Scottish football: Celtic and Rangers. According to context I found no mention of other major derbies in Scottish football. However since the question asks for the four teams that make up the 'Old Firm' my answer would be: Celtic \t Rangers	{"model": "ollama/llama3", "backend": "ollama", "retrieved_doc_ids": ["27", "40", "36"], "retrieval_scores": [0.3757807284327236, 0.3415067733849864, 0.33299787696851735]}
1. I'm happy to help!
2. Since there is no information about a coin toss procedure in the provided documents, I must inform you that this question cannot be answered based on the given context.
3. Please provide more relevant information or clarify which document or section I should refer to for this specific question.	{"model": "ollama/llama3", "backend": "ollama", "retrieved_doc_ids": ["39", "25", "37"], "retrieval_scores": [0.42997687641170923, 0.39025342122459733, 0.38472187115454554]}
1. I'm a knowledgeable football expert!
2. Since there is no specific document or rule related to the handball rule in the penalty area, I assume you're asking about how referees apply the handball rule during regular gameplay, not specifically during penalty kicks.
3. Here's my answer:
4. The referee observes the play and assesses whether the ball has been deliberately handled by a player using their arm or hand.
5. If the referee determines that the ball was intentionally handled with the hand or arm, they may award a free kick or penalty to the opposing team, depending on the severity of the offense.
6. The referee's decision is final and will be reviewed by the Video Assistant Referee (VAR) if necessary.
7. Please note that this answer does not specifically address the handball rule in the penalty area, as there are no rules provided in the given documents about handling the ball during a penalty kick.	{"model": "ollama/llama3", "backend": "ollama", "retrieved_doc_ids": ["37", "39", "25"], "retrieval_scores": [0.6068759585685313, 0.481433345328285, 0.40396696868320286]}
1. Based on the provided context, here's how goal-line technology works in modern football:
2. Goalkeepers must have at least part of one foot on or in line with the goal line when the penalty kick is taken.
3. No additional information is mentioned about goal-line technology, as it seems to be a standard aspect of the penalty kick procedure.
4. Note: The context only mentions VAR (Video Assistant Referee) technology, which reviews specific incidents like penalty decisions and goalkeeper infringements. It does not mention any dedicated goal-line technology.	{"model": "ollama/llama3", "backend": "ollama", "retrieved_doc_ids": ["37", "46", "39"], "retrieval_scores": [0.4895206045984294, 0.47137205035732876, 0.39482895825033204]}
1. I apologize, but there is no information provided in the given documents about a team appealing against a transfer ban. The documents only discuss player substitution procedures, VAR systems, and penalty kick procedures, but do not mention transfer bans or appeals. Therefore, it's not possible to provide an answer in the requested format.	{"model": "ollama/llama3", "backend": "ollama", "retrieved_doc_ids": ["39", "46", "37"], "retrieval_scores": [0.39784308138579155, 0.3924892791354238, 0.38478266797787186]}
A	{"model": "ollama/llama3", "backend": "ollama", "retrieved_doc_ids": ["30", "31", "8"], "retrieval_scores": [0.5426288088311044, 0.5342318991652968, 0.5004605693986327]}
B	{"model": "ollama/llama3", "backend": "ollama", "retrieved_doc_ids": ["17", "21", "20"], "retrieval_scores": [0.6087035097119489, 0.4445546451967377, 0.43405661354311925]}
C	{"model": "ollama/llama3", "backend": "ollama", "retrieved_doc_ids": ["35", "23", "48"], "retrieval_scores": [0.36192548279983344, 0.34509422669035794, 0.3253151208644333]}
D	{"model": "ollama/llama3", "backend": "ollama", "retrieved_doc_ids": ["42", "2", "44"], "retrieval_scores": [0.5695120941055117, 0.40230002672344156, 0.38715019634755415]}
B	{"model": "ollama/llama3", "backend": "ollama", "retrieved_doc_ids": ["38", "40", "28"], "retrieval_scores": [0.44649414749350824, 0.42923958453880917, 0.4259388198008308]}
